Terms,ExecutionTime
100000,0.172000
500000,3.546000
1000000,14.032000
1500000,36.042000
2000000,58.583000
