Terms,ExecutionTime
100000,0.000000
500000,0.012000
1000000,0.031000
1500000,0.052000
2000000,0.069000
