Terms,ExecutionTime
50000,0.035000
100000,0.131000
500000,4.248000
1000000,17.886000
2000000,159.049000
