Terms,ExecutionTime
50000,0.001000
100000,0.003000
500000,0.016000
1000000,0.038000
2000000,0.132000
